<?xml version="1.0" encoding="UTF-8"?>
<project-private xmlns="http://www.netbeans.org/ns/project-private/1">
    <editor-bookmarks xmlns="http://www.netbeans.org/ns/editor-bookmarks/2" lastBookmarkId="0"/>
    <open-files xmlns="http://www.netbeans.org/ns/projectui-open-files/2">
        <group>
            <file>file:/C:/Users/Julius%20Rayray/Documents/NetBeansProjects/test1/web/userUpdate.jsp</file>
            <file>file:/C:/Users/Julius%20Rayray/Documents/NetBeansProjects/test1/src/java/ph/pup/itech/raven/controller/Register.java</file>
            <file>file:/C:/Users/Julius%20Rayray/Documents/NetBeansProjects/test1/web/userManagement2.jsp</file>
        </group>
    </open-files>
</project-private>
